subforum,date,sentiment_class,sentiment_score,summary,mturklabel_avg,mturklabel_mv
irc-otc,2015-07-17 12:01:00,1,0.627313,"Words of wisdom from teward , everyone",1,1
irc-otc,2015-07-31 01:31:00,1,0.552497,is paxful legit,0,0
irc-otc,2015-03-26 12:05:00,0,-0.905278,"Blazedout419: even better, though! Lower the block reward after you and your cronies rape the low diff",0,0
irc-otc,2015-01-09 01:13:00,0,-0.627564,"someone'll hand out a temporary +v for the pitch, as needed",1,0
irc-otc,2015-07-02 06:48:00,0,-0.805202,aint been in this bitch in a while,0,0
irc-otc,2015-03-09 15:21:00,1,0.683532,I have a savings account too don't worry I'm not stupid,0,0
irc-otc,2015-07-29 02:55:00,1,0.432592,"you can get 5k doge by hanging out in #dogecoin for a few days and get soaked/beg, so unlikely :)",1,0
irc-otc,2015-10-14 15:24:00,0,-0.664243,no u dont understand,0,0
irc-otc,2015-08-14 02:52:00,1,0.840721,it works pretty well,1,1
irc-otc,2015-01-27 00:43:00,0,-0.826381,i'm a pro at setting the bar low,1,0
irc-otc,2015-07-21 22:14:00,1,0.595154,\o/,1,1
irc-otc,2015-01-27 01:41:00,0,-0.414385,i don't think that's correct,0,0
irc-otc,2015-08-02 14:23:00,0,-0.302193,leviathanbaphz: I ll do it at 10 % premium if you cant find anything better,1,0
irc-otc,2015-03-30 15:25:00,0,-0.428576,ACTION spoils the argument by referring to http://www.rhyolite.com/anti-spam/that-which-we-dont.html,0,0
irc-otc,2015-12-20 23:23:00,1,0.691967,well well,1,0
irc-otc,2015-06-07 17:58:00,0,-0.873852,im shocked it's still down,0,0
irc-otc,2015-09-02 23:02:00,0,-0.506219,sounds a bit dodgy,0,0
irc-otc,2015-12-01 16:32:00,0,-0.705016,"i remember a internet button long ago, said ""press here to make $35 in 2 minutes"" when pressed the printer started to print a $20, $10 and $5 with instructions on how to flip the paper over and hit print again ------ the good ol' days",1,1
irc-otc,2015-07-07 17:34:00,1,0.751608,normally sending btc is fine,1,0
irc-otc,2015-05-19 22:54:00,0,-0.846085,"people will ""pay"" with credit card, lose their $ on horses or poker or whatever the fuck they into, and then call CC and claim fraud, lost card, etc - and get their shit refunded from the credit card company, which will then fuck over the merchant processor and the website's fiat balance",0,0
irc-otc,2015-07-23 17:07:00,0,-0.729588,fuck those feds,0,0
irc-otc,2015-09-05 19:57:00,0,-0.733841,but as adults they dont really,0,0
irc-otc,2015-09-24 23:07:00,0,-0.737023,I'm assuming they won't do that,0,0
irc-otc,2015-01-09 04:21:00,0,-0.941141,i am so fucking terrified right now :(,0,0
irc-otc,2015-05-01 15:47:00,0,-0.65895,"InNeedofBTC - Your bitcoin is in your wallet. You don't need to be synced in order to receive bitcoin; however, you can't spend it from the wallet until you have synced, because the core wallet wouldn't know if you have already spent it yet. And, you don't have it in your wallet yet until you at least sync up to the block it was sent to you in. You may have a 'notification' that it is",1,0
irc-otc,2015-01-09 04:56:00,1,0.597944,"YouTube Title: Seinfeld The Maestro Secventa de negociere Views: 48,177 Length: 4:17 Uploaded: ",1,0
irc-otc,2015-01-12 01:53:00,0,-0.527522,"Billdr: most of the mercury risk is overblown on seafood, lookit dem japanese they eat all the sea things",0,0
irc-otc,2015-04-17 08:16:00,0,-0.372583,"gribs, don't be coy.",0,0
irc-otc,2015-11-04 04:52:00,0,-0.507125,"well they gotta work in the sidechain fork, so they prob throw in the small blocksize thing, bip 100? keep the masses happy",1,0
irc-otc,2015-04-27 22:03:00,0,-0.625963,there is no 2%,1,0
irc-otc,2015-07-07 01:13:00,0,-0.750077,"yo, who has recs for a keyring that can hold like 10+ keys that i can put on a belt loop but also shove in my pocket so i don't look like an idiot",0,0
irc-otc,2015-07-02 15:48:00,1,0.443109,that's like slave labor for 20 bips,0,0
irc-otc,2015-03-04 17:42:00,0,-0.635415,orana: nobody cares,0,0
irc-otc,2015-11-22 20:04:00,1,0.461188,2013*. holy shit. lol,0,0
irc-otc,2015-12-23 10:42:00,0,-0.450867,u don't have the connex,0,0
irc-otc,2015-05-11 16:41:00,1,0.439666,glad you like it,1,1
irc-otc,2015-03-20 17:03:00,0,-0.84683,which i got cheap,1,1
irc-otc,2015-02-04 05:55:00,1,0.764694,its just like a MP - you load up a prepaid with it,1,0
irc-otc,2015-03-19 19:50:00,1,0.618621,exchanges ARE mixing services,1,0
irc-otc,2015-07-10 15:33:00,0,-0.717466,"its probably shit, like 4 108p panels stuffed in at like 30hz",0,0
irc-otc,2015-10-13 22:19:00,1,0.71348,"jasondockers i believe its a healthier system then the current one. Now we know who are rich but we dont know how, how much and from where they got their money. WIth bitcoin we know exactly how and how much money there are, We just dont know for sure who has the keys.",1,0
irc-otc,2015-04-20 15:37:00,0,-0.727986,"EPiSKiNG-, he lied",0,0
irc-otc,2015-01-31 07:03:00,0,-0.792455,i feel bad but i wanna get this done,0,0
irc-otc,2015-04-03 14:04:00,1,0.895434,RainMan28 - fresh out. spending all my bitcoin on amazon cards.,1,0
irc-otc,2015-07-15 16:02:00,1,0.714385,"Cusipzzz, the 'm' key works, yes :) - devthedev: it is an Alienware M11x with core i5, great for gaming, personal use, development, back to school",1,0
irc-otc,2015-05-24 16:27:00,0,-0.826746,as opposed to malicious drivers?,0,0
irc-otc,2015-03-27 14:11:00,1,0.519845,you got my vote rithm,1,1
irc-otc,2015-12-17 22:37:00,0,-0.732019,"but the 27 bidders before me, why did they even bother",0,0
irc-otc,2015-02-25 18:57:00,1,0.88768,lol should be interesting to see if it is real,1,0
irc-otc,2015-05-12 14:07:00,0,-0.587043,maths is hard,0,0
irc-otc,2015-01-29 08:10:00,0,-0.442993,Whut? WHUT? WHUUUT!?,0,0
irc-otc,2015-08-06 02:28:00,1,0.623568,"""Im so excited. I 'got accepted' to DeVry!""",1,1
irc-otc,2015-06-08 16:47:00,1,0.806461,^^,1,0
irc-otc,2015-04-24 15:33:00,0,-0.874168,modulus is the one I lost the bet to.,1,0
irc-otc,2015-10-16 18:26:00,0,-0.254445,"coin_trader - No, I got lucky. It was just inside the area where they would fix it. I pulled the screw out and heard the air coming out. I was accross the street from discount tire and they fixed it for free. So, cost me an hour out of my schedule. I think my luck is turning for the better.",1,1
irc-otc,2015-09-17 04:08:00,1,0.747391,"they got a ton of vc money, they are fine",1,1
irc-otc,2015-11-10 15:00:00,0,-0.693433,All these sold coins to buy Fallout 4... crasies,0,0
irc-otc,2015-07-17 22:34:00,0,-0.741659,inzide: you probably need to find a seller. DONT GET SCAMMED!,0,0
irc-otc,2015-12-16 14:50:00,0,-0.664631,doesn't get more legit.am than that,1,0
irc-otc,2015-07-29 13:16:00,0,-0.623807,(Heh. I want to be able to buy bitcoins with scammer or MITM methods; without having to prove who I am. Is that wrong?),0,0
irc-otc,2015-03-17 03:12:00,0,-0.298014,I have pictures of receipt and paid with cash,1,0
irc-otc,2015-10-28 01:11:00,0,-0.302667,I'll wait for people to get on to ask if anyone is interested in that. if not I'll just use coinbase maybe since I can just use my bank account with that,1,1
irc-otc,2015-08-13 03:18:00,0,-0.83368,don't want to ruin your Hole show.,0,0
irc-otc,2015-03-28 13:38:00,0,-0.320265,what the hell is LBCs doing?,0,0
irc-otc,2015-08-07 17:35:00,1,0.643078,"joecool, haha. Yes. I've been checking on them every week now for several months. :)",1,1
irc-otc,2015-04-26 15:29:00,0,-0.916392,Like a turd that won't flush.,0,0
irc-otc,2015-06-08 14:30:00,0,-0.552381,"it's okay, it's alright, nothing's wrong",1,1
irc-otc,2015-08-10 15:05:00,0,-0.364096,I knew I should have registered bankrupt.com,0,0
irc-otc,2015-02-11 04:42:00,1,0.479945,you can customize them with that sorta stuff,1,0
irc-otc,2015-09-22 15:14:00,0,-0.81946,"Absolutely market manipulation made obvious when there is no volume, and then, all of a sudden, there is trades of buy 50, sell 50, buy 100, sell 100, buy 50, sell 50.",0,0
irc-otc,2015-01-11 04:25:00,0,-0.561588,i know. I am trying,1,0
irc-otc,2015-03-25 16:12:00,0,-0.77221,"also please don't assume ""most LBC pro traders are scammers""",0,0
irc-otc,2015-07-29 15:39:00,0,-0.630715,"projectshifter, please note I never called you a noob. I said your experience doesn't match mine.",0,0
irc-otc,2015-01-02 13:20:00,0,-0.480406,"YouTube Title: POP Hold It Down - Full Interview - Donna Goudeau Pimp Squad Baby - Legally Blind Momma I Love You Views: 7,035,226 Length: 1:13 Uploaded: ",1,0
irc-otc,2015-12-16 00:52:00,0,-0.775424,what else is banned in usa,0,0
irc-otc,2015-03-03 19:17:00,1,0.454046,holy rally,1,1
irc-otc,2015-01-03 04:41:00,1,0.695812,"anyone willing to sell btc for amazon e-gift card? or wishlist purchases? PM me. Done several transaction, very trustworthy. Just wanna liquidate these christmas gift cards.",1,0
irc-otc,2015-12-04 06:11:00,0,-0.782325,Wow things have been really slow!,0,0
irc-otc,2015-04-20 20:26:00,0,-0.837417,"as far as I can tell, they (law enforcement) can say whatever they want, but can still prosecute you for breaking the law",0,0
irc-otc,2015-09-23 04:49:00,0,-0.418828,LOL wait what?,0,0
irc-otc,2015-04-24 12:30:00,1,0.821414,Hasimir: thanks,1,0
irc-otc,2015-07-27 13:42:00,0,-0.778603,thats the lowest in like,0,0
irc-otc,2015-02-20 15:10:00,0,-0.592822,you tried to auction it?,1,0
irc-otc,2015-02-02 20:56:00,0,-0.821708,"Don't eat me, have my silver.",0,0
irc-otc,2015-09-05 15:15:00,1,0.456947,"if you need something mailed to your house, you would need to register the zip code ----- but thats it",0,0
irc-otc,2015-03-29 21:40:00,0,-0.691104,but not THAT big,0,0
irc-otc,2015-08-24 17:09:00,0,-0.496175,should've wget'd that one,0,0
irc-otc,2015-09-27 22:32:00,0,-0.654768,Azelphur: You can buy ebay accounts pretty cheap,1,0
irc-otc,2015-02-03 15:46:00,0,-0.858706,always hate to restart armory :(,0,0
irc-otc,2015-11-28 17:34:00,1,0.668499,"DeepSpace: i see what you mean though but it's not only about you, it's also about other bitcoiners. by coinjoining you increase their privacy too",1,1
irc-otc,2015-08-13 19:12:00,0,-0.450188,EPiSKiNG-: smuggled a bluetooth into rikers island,0,0
irc-otc,2015-03-25 00:00:00,0,-0.786548,cold doesn't even cover it,0,0
irc-otc,2015-07-15 10:21:00,1,0.698856,i good on plough...,1,1
irc-otc,2015-02-05 07:03:00,0,-0.634305,kde fork against kde4 madness,1,0
irc-otc,2015-12-20 17:23:00,0,-0.351368,"also the weekend, too eays",1,0
irc-otc,2015-12-25 15:09:00,1,0.779318,:),1,1
irc-otc,2015-04-13 12:56:00,0,-0.665821,i don't know,0,0
irc-otc,2015-08-09 18:57:00,0,-0.728887,I don't even get it,0,0
irc-otc,2015-10-28 15:30:00,0,-0.793807,EvanR doesn't even say hi anymore :(,0,0
irc-otc,2015-10-14 19:49:00,0,-0.808486,it's supposed to make a big come back in the 80s,1,0
irc-otc,2015-12-27 01:57:00,0,-0.520999,That's their selling point. chargeback for ebay.,1,0
irc-otc,2015-04-27 03:11:00,1,0.979107,you so smart for catching that,1,1
irc-otc,2015-09-21 23:48:00,0,-0.478661,"grubles, are you a russian scammer too?",0,0
irc-otc,2015-07-23 18:39:00,0,-0.711039,Buy 0.21 BTC for PPUSD or anything else that can be surmised.. I just can't do those cash cards because I cannot get to a CVS or anything right now,0,0
irc-otc,2015-05-22 19:50:00,0,-0.839116,"youre going to have to pay me to get cancer, kthx.",0,0
irc-otc,2015-08-08 19:47:00,0,-0.530042,but only on teh twittarz,0,0
irc-otc,2015-11-11 15:58:00,1,0.895589,hillary is a psychopath,0,0
irc-otc,2015-01-01 00:17:00,0,-0.799311,:(,0,0
irc-otc,2015-11-04 16:15:00,1,0.683062,Michail1: sure you can. everyone originally had to trust cas wouldnt just transfer the coins off the addresses.,1,0
irc-otc,2015-07-21 20:35:00,0,-0.713244,Rozal: sacrificial offerings to Beelzebub to not royally screw your soul after death is a start,0,0
irc-otc,2015-07-24 01:39:00,1,0.779318,:D,1,0
irc-otc,2015-04-15 05:48:00,0,-0.776329,wonder if the script is too old for python 3.4,1,0
irc-otc,2015-07-10 06:10:00,1,0.770486,"Newyorkadam: i like your outlook, but we might visit 300 real quick",1,0
irc-otc,2015-02-25 15:39:00,0,-0.737452,Blazedout4l9: an ur 1 is a l fuck of,0,0
irc-otc,2015-12-22 00:07:00,0,-0.893274,"i Already went out for a fraud, but was only like 120 usd still sucks though",0,0
irc-otc,2015-04-14 16:23:00,1,0.676142,found the real winner: https://pamm.btc-e.com/en/Pamm/SiamFX,1,1
irc-otc,2015-05-27 03:53:00,1,0.595163,but I'm open to other things as well,1,0
irc-otc,2015-02-09 15:22:00,1,0.831794,wow fun,1,1
irc-otc,2015-03-18 15:58:00,0,-0.677085,im sure most of the bets were made when btc was ~$1000 tough,1,0
irc-otc,2015-02-27 00:13:00,0,-0.676892,"bounce: I did, no one answered",0,0
irc-otc,2015-07-15 03:58:00,0,-0.593916,"(sell <amount> <thing> [at|@] <priceperunit> <otherthing> [<notes>]) -- Logs a sell order for <amount> units of <thing, at a price of <price> per unit, in units of <otherthing>. Use the optional <notes> field to put in any special notes. <price> may include an arithmetical expression, and {(mtgox|bitstamp)(ask|bid|last|high|low|avg)} to index price to mtgox ask, bid, last, high, low, or avg (1 more message)",1,0
irc-otc,2015-10-02 15:07:00,0,-0.634178,"vladimir putin rips obama a new a-hole over syria and lo-and-behold, another school shooting... false flag or not... discuss",0,0
irc-otc,2015-06-02 14:06:00,1,0.895832,no thanks,1,0
irc-otc,2015-03-29 19:07:00,0,-0.777006,"S1d3w4Y, Australia, our idiotic government just passed mandatory data retention",0,0
irc-otc,2015-06-12 03:32:00,1,0.85064,^^ all the kewl kids anyway,1,0
irc-otc,2015-07-05 18:19:00,0,-0.785713,gyro is too expensive,0,0
irc-otc,2015-01-27 01:38:00,0,-0.765073,grubles: you are awesome. i had tried f.lux way back but had the same issue the redshift author talked about and so i forgot about it. this is nice on the eyes.,1,0
irc-otc,2015-08-05 00:16:00,0,-0.520785,fiverr never sent me an email that this gig was completed,0,0
irc-otc,2015-02-15 15:19:00,0,-0.907855,bitfinex is being shitty to me currently.,0,0
irc-otc,2015-02-03 00:23:00,0,-0.588177,we can only hope,1,1
irc-otc,2015-05-03 16:39:00,0,-0.814337,so i can avoid it,0,0
irc-otc,2015-06-03 05:19:00,1,0.641265,Truth is... the economic collapse is yet to come...imho,0,0
irc-otc,2015-03-26 15:26:00,0,-0.892503,the fiscally irresponsible and wasteful kind,0,0
irc-otc,2015-04-17 08:20:00,0,-0.489165,But HoMM don't idle,0,0
irc-otc,2015-09-23 21:06:00,1,0.591331,tompaw: :),1,1
irc-otc,2015-08-15 17:40:00,0,-0.82105,camera is busted,0,0
irc-otc,2015-09-17 05:17:00,0,-0.425526,he wants you to show him around new york remember,1,0
irc-otc,2015-08-30 18:19:00,1,0.071268,I type in my own and says I don't own this number... I JUST set up this account too man,0,0
irc-otc,2015-11-03 05:10:00,0,-0.337166,"lol, not him",1,0
irc-otc,2015-07-28 20:08:00,0,-0.482826,"damn man, if i had 22 BTC to toss away",0,0
irc-otc,2015-07-22 01:00:00,0,-0.791838,"did you tell him he should start? big maniez, and he has a 'captive' audience",1,1
irc-otc,2015-12-17 15:10:00,0,-0.862017,auto loans and student loans worse than ever,0,0
irc-otc,2015-01-21 13:05:00,0,-0.519165,how does shop.com differ from shop.com?,1,0
irc-otc,2015-06-11 20:37:00,0,-0.773171,"i would've been, potentially, if my paycheck came in :P",1,0
irc-otc,2015-08-12 16:29:00,0,-0.82539,now find go find me a toyota dealer or junk yard accepting fake internet mahnies,0,0
irc-otc,2015-07-25 17:33:00,1,0.186215,Going out for fun. Bye,1,1
irc-otc,2015-02-01 00:16:00,1,0.903415,I'm willing to meet in person lol,1,0
irc-otc,2015-04-13 03:45:00,0,-0.525449,and fuck 12 hour time,0,0
irc-otc,2015-02-23 17:05:00,0,-0.685678,"clearly, you must be a criminal",0,0
irc-otc,2015-08-24 15:56:00,1,0.441425,nobodys offered any help....,0,0
irc-otc,2015-11-30 07:29:00,0,-0.799633,"Jason, Now it's fucking 380, after I just exchanged to BTC at 382, I'm thinking it'll drop around 390-400?",0,0
irc-otc,2015-12-22 00:58:00,0,-0.598293,one of the first at least,1,0
irc-otc,2015-08-06 15:26:00,1,0.616329,you should invest that,1,1
irc-otc,2015-06-19 20:35:00,1,0.527741,Who's pitching today?,0,0
irc-otc,2015-09-28 02:32:00,0,-0.470986,It's not for broke people,0,0
irc-otc,2015-01-29 12:28:00,0,-0.44619,I can't remember it being more than 20-ish pages,0,0
irc-otc,2015-03-28 17:26:00,1,0.739111,"GlooBoy: Hi, by the way! It's been a while. :)",1,1
irc-otc,2015-10-11 22:49:00,0,-0.822832,"me neither, and i never intend to",0,0
irc-otc,2015-09-09 13:12:00,0,-0.76752,so you're trying to sell goods you don't even own,0,0
irc-otc,2015-03-06 02:38:00,0,-0.596149,it doesnt benefit you in any way,0,0
irc-otc,2015-02-09 14:13:00,0,-0.527156,maybe theyre not fake,1,0
irc-otc,2015-12-17 17:22:00,0,-0.679695,you won't belive what just hapened,0,0
irc-otc,2015-04-30 16:36:00,0,-0.307093,Y U GOTTA COMPLANE. ALWAYS COMPLANE.,0,0
irc-otc,2015-08-13 03:41:00,0,-0.627636,That guy is impersonating me in #Freenode :-/,0,0
irc-otc,2015-01-11 17:20:00,0,-0.475106,"Those havent been sold, the SR/auction coins? You mean the buyer from the auction, or the auction hasn't happened for the second lot yet?",0,0
irc-otc,2015-06-03 08:03:00,0,-0.555099,Im in it for all or nothing. I dont really care if it goes to 0 bitcoin has been one of the most fun times of my entire life,1,1
irc-otc,2015-12-29 15:05:00,1,0.479529,lol yah,1,0
irc-otc,2015-01-06 05:00:00,1,0.496448,a215: absolutely,1,0
irc-otc,2015-01-04 04:24:00,0,-0.811564,grubles: problem with the GPU - it runs really hot so i can't run it for an extended time,0,0
irc-otc,2015-04-26 04:50:00,0,-0.720836,so even if I remember the password I cant download it and login to it from the MIT server?,0,0
irc-otc,2015-02-08 06:34:00,0,-0.698277,it's not uncommon to need a burst of extra RAM for a short period.,0,0
irc-otc,2015-02-22 04:17:00,0,-0.444279,"grubles: oh boy, $25 for every $3k of bitcoin",0,0
irc-otc,2015-03-08 06:59:00,0,-0.710068,and what happened,0,0
irc-otc,2015-05-20 18:35:00,0,-0.362845,it works well but its expensive,1,0
irc-otc,2015-02-22 04:24:00,0,-0.645901,phillipsjk: which they could not do if it wasn't being mined by people who didn't put addr in,0,0
irc-otc,2015-05-21 13:37:00,1,0.795729,"oh, you. ;-)",1,0
irc-otc,2015-01-05 06:47:00,1,0.0973889,"midnightmagic: if I login to Bitstamp it says ""DO NOT DEPOSIT TO PREVIOUSLY PROVIDED BITCOIN DEPOSIT ADDRESSES. DEPOSITS SENT TO PREVIOUS ADDRESS WILL NOT BE HONORED. NEW DEPOSIT ADDRESSES ARE FORTHCOMING."" in big red letters - you should see it too if you login",0,0
irc-otc,2015-02-26 00:25:00,1,0.54546,just send me all your money I'll double it,1,1
irc-otc,2015-03-24 15:09:00,1,0.460041,not tankened enough yet,0,0
irc-otc,2015-04-12 23:29:00,1,0.484339,thy Kingdom come!,1,0
irc-otc,2015-06-09 14:11:00,0,-0.323202,then maybe we can work it out,1,1
irc-otc,2015-01-27 00:27:00,1,0.808471,gentoo ftw,1,1
irc-otc,2015-04-28 02:42:00,1,0.0431007,"So, I catch is from her, and you catch it from her as well even though you never even seen her. And, knowing me, she isn't even hot.",0,0
irc-otc,2015-03-26 12:22:00,0,-0.480627,"oops, wrong channel",0,0
irc-otc,2015-11-10 21:28:00,1,0.00482967,[13:26] <Michail1> It will not take anywhere near that long. :),1,0
irc-otc,2015-07-13 17:20:00,0,-0.705525,I figured stolen off a truck,0,0
irc-otc,2015-01-12 01:56:00,0,-0.439987,I'm looking at this beta video on nighttrader. Holy hell that's not going to catch on as is.,0,0
irc-otc,2015-12-16 04:32:00,0,-0.785504,"bitcoin has dropped by 3%, women most affected",0,0
irc-otc,2015-02-26 01:49:00,1,0.849844,"hmm, neat",1,1
irc-otc,2015-07-25 01:08:00,0,-0.578277,"Dizzle Ill pay skrill bank, paypal",1,0
irc-otc,2015-07-25 00:59:00,1,0.769119,good luck with that,1,1
irc-otc,2015-12-18 20:11:00,0,-0.461159,"as long you don't let winamp whip my llama's ass, we're good",0,0
irc-otc,2015-10-12 03:21:00,0,-0.661577,i dont have such a spoon,0,0
irc-otc,2015-03-27 14:22:00,0,-0.64094,"however, the fact that the mud was stuck there and they gave it an ms65 anyway...",0,0
irc-otc,2015-02-28 20:24:00,0,-0.914314,joecool: yeah we going to get fucked,0,0
irc-otc,2015-04-25 15:23:00,0,-0.823905,I got nothing back,0,0
irc-otc,2015-07-21 14:47:00,1,0.586836,"openssl, definitely",1,0
irc-otc,2015-09-18 14:43:00,0,-0.581235,And with September comes the cold weather -- don't get caught outside with out some lip balm,0,0
irc-otc,2015-08-15 01:36:00,0,-0.343011,popmoney is just ach with a web ui,1,0
irc-otc,2015-03-30 15:34:00,0,-0.60028,you can only use those credits on days ending in the letter Y,1,0
irc-otc,2015-05-21 16:02:00,0,-0.426286,"(kidding, I was trying to make a joke and it would almost certainly be a scam if someone asked for such things)",0,0
irc-otc,2015-01-25 05:28:00,1,0.599725,I think they make a solid $.5 per month,1,1
irc-otc,2015-06-05 08:55:00,0,-0.832273,is this disaster personal or a disaster for America?,0,0
irc-otc,2015-01-26 06:48:00,0,-0.496637,do you need to ask arbitrary questions?,0,0
irc-otc,2015-06-09 11:58:00,0,-0.776175,<gribble> Error: Failure to retrieve ticker. Try again later.,0,0
irc-otc,2015-06-03 06:34:00,0,-0.427713,TIME TO BUY MORE TOILET PAPER,0,0
irc-otc,2015-05-08 04:04:00,0,-0.35801,"ah, unlikely then",0,0
irc-otc,2015-05-01 15:46:00,1,0.862139,"well, duh",1,0
irc-otc,2015-11-09 16:21:00,0,-0.344878,man who would fall for that one,0,0
irc-otc,2015-08-08 19:45:00,0,-0.597454,the interest alone is going to kill ya,0,0
irc-otc,2015-01-16 04:51:00,1,0.572831,"so i'll see if he's better in some hours, since he should be back soon.",1,0
irc-otc,2015-04-26 05:19:00,0,-0.799311,:(,0,0
irc-otc,2015-03-23 14:19:00,1,0.846914,hardware upgrades are sooooo 90s,0,0
irc-otc,2015-11-08 21:45:00,0,-0.631171,"at last, weekend tanking has arrive",0,0
irc-otc,2015-10-07 23:26:00,1,0.620427,"I think, like property, you don't want bad neighbors.",0,0
irc-otc,2015-12-22 17:15:00,1,0.779318,:),1,0
irc-otc,2015-11-22 08:03:00,0,-0.332753,"It's the middle of the night in the US, which is where quite a lot of this channel's chatter comes from",0,0
irc-otc,2015-08-24 09:51:00,0,-0.543912,BigBitz has been idle 162hrs 52secs,1,0
irc-otc,2015-07-27 14:19:00,1,0.450845,that is a lot I think,1,0
irc-otc,2015-10-01 12:23:00,1,0.538365,I'm starting to think comments like the one Cusipzzz just made actually have hidden meanings,0,0
irc-otc,2015-10-25 13:21:00,1,0.779318,:),1,1
irc-otc,2015-04-18 16:20:00,1,0.676892,ACTION rolls dem bones,1,0
irc-otc,2015-04-25 00:23:00,0,-0.402893,then person can file a claim that it was lost.,0,0
irc-otc,2015-10-02 15:28:00,1,0.439266,I get free FFL at my range,1,0
irc-otc,2015-12-15 19:13:00,0,-0.550569,was wondering wth you were talking about,1,0
irc-otc,2015-12-09 03:15:00,0,-0.38481,mobile|This is only proper response,1,1
irc-otc,2015-03-01 12:10:00,0,-0.810785,people are greedy,0,0
irc-otc,2015-06-14 15:37:00,1,0.588715,i hear its a great place to get rid of carded amazon,1,1
irc-otc,2015-04-17 01:22:00,0,-0.56686,if so i want to speak to you,1,0
irc-otc,2015-12-15 21:54:00,0,-0.0737256,"Actually, I will keep quiet. Probably the first time I will NOT buy something.",0,0
irc-otc,2015-10-16 16:01:00,0,-0.736103,Michail1 is wrong.,0,0
irc-otc,2015-12-26 01:32:00,0,-0.663819,mobile|Lol people gettin scammed on christmas,0,0
irc-otc,2015-04-04 05:06:00,0,-0.855377,ACTION is not pleased,0,0
irc-otc,2015-05-22 21:03:00,1,0.779318,:),1,1
irc-otc,2015-02-15 03:47:00,1,0.708065,:) k,1,1
irc-otc,2015-03-08 15:30:00,1,0.683481,its one of those personality questionaires for a job application,1,0
irc-otc,2015-02-28 15:54:00,1,0.570979,Omg yes,1,0
irc-otc,2015-04-18 17:55:00,1,0.616574,yep lol,1,0
irc-otc,2015-08-07 05:08:00,0,-0.669645,"it's very liquid, you don't have any coin shops near you?",0,0
irc-otc,2015-05-03 13:09:00,0,-0.688896,or whichever other channel you don't like!,0,0
irc-otc,2015-03-10 15:00:00,0,-0.6266,ah i knew okcoin was big non US,1,0
irc-otc,2015-02-09 16:30:00,0,-0.466472,c4pt: I'd rather buy a raspi,1,0
irc-otc,2015-11-11 01:25:00,0,-0.709089,okay I think I wasnt the opposite of that,0,0
irc-otc,2015-05-03 01:21:00,1,0.7807,mayweather wins easy,1,1
irc-otc,2015-11-02 18:33:00,0,-0.45307,i saw amovie about this recently where teenagers are selling drugs in this store on the dark web,0,0
irc-otc,2015-05-28 15:15:00,0,-0.398127,like i'm not losing revenue every day he delays,0,0
irc-otc,2015-10-22 05:55:00,0,-0.365753,Mad7Scientist: '[10:58:56] <Mad7Scientist> Does anyone need 12V to 120VAC power inverters? I have 400W 750W (1000W peak) and 2000W. The 750W is a perfect size to use on your car with the engine running @ 1200 RPM to power your house during an outage',1,0
irc-otc,2015-06-20 22:02:00,0,-0.369325,"it's not an ""official"" channel for anyone",0,0
irc-otc,2015-06-03 20:03:00,0,-0.925085,i hate my life. i want to die.,0,0
irc-otc,2015-03-30 04:04:00,1,0.486555,for sure,1,0
irc-otc,2015-08-30 08:58:00,1,0.858441,and cool,1,1
irc-otc,2015-04-06 04:38:00,1,0.524767,"and, depending on the state, *you* might be able to order a sufficient certificate.",1,0
irc-otc,2015-05-10 15:38:00,0,-0.436593,Kelticfox: i have access to 2 :p,1,1
irc-otc,2015-03-15 07:10:00,0,-0.326935,But I guess for someone who has no OTC rating its ok to trade on virwex and get actual BTC's out,1,0
irc-otc,2015-01-12 03:21:00,0,-0.744352,I think the feds that were buying from me on ebay felt bad and bought some .25 @ 300 ea when btc was like $400 because I lost about 2k$ in btc sales through ebay/pp chargebacks/reversals/hacked accounts,0,0
irc-otc,2015-10-15 21:05:00,0,-0.301167,"OMG OPTIMIZATION isnt really an excuse, they could JUST as easily put in this years hardware and optimize that and easily not make a phone for another year and a half",0,0
irc-otc,2015-01-29 10:41:00,1,0.578291,"joecool, start with a kernel of truth ;)",1,0
irc-otc,2015-12-11 00:12:00,0,-0.867895,"CoJaBo: but it is quite depressing to know you can just go build a cryptocoin site, have it take money, get to the top of google, and every time just swallow up money",0,0
irc-otc,2015-05-05 14:21:00,0,-0.623382,google is evil,0,0
irc-otc,2015-11-10 04:03:00,0,-0.771598,my blackberry's battery is a sick joke,0,0
irc-otc,2015-12-26 01:18:00,0,-0.657758,suddenly not so interested in me,0,0
irc-otc,2015-12-11 19:22:00,0,-0.725022,EvanR has been alerted,0,0
irc-otc,2015-09-14 15:07:00,0,-0.817184,"Not much happening here, I guess the channel is dead. That's what I feared",0,0
irc-otc,2015-12-27 01:32:00,0,-0.478954,It's not. My brother was in Morocco and he said some don't identify as Africans there.,0,0
irc-otc,2015-09-15 15:43:00,1,0.904315,You should team up with a tap dancer,0,0
irc-otc,2015-02-27 16:48:00,1,0.742151,good luck teppy. and don't skimp on the compliance.,1,1
irc-otc,2015-02-14 15:52:00,1,0.643085,"Happzz: you were definitely close, lol, off by one number, wow",1,0
irc-otc,2015-08-26 16:01:00,0,-0.774835,big stealth __,1,0
irc-otc,2015-07-25 01:10:00,1,0.786036,What is trustworthy?,0,0
irc-otc,2015-01-11 18:13:00,0,-0.470294,i'm lazy and busy,0,0
irc-otc,2015-12-31 06:16:00,0,-0.630342,getting high? Haven't done that in a long time. I should really go flying again.,1,1
irc-otc,2015-02-15 00:21:00,1,0.637288,"KaffeeJunky123: you pay $4 for a card w/ a 10 digit PIN on it, you give the PIN to the person you're buying BTC from and any cash you put on the card will go direct to their paypal account",1,0
irc-otc,2015-11-22 20:09:00,0,-0.641102,freenode -- lilo died unexpectedly in an accident,0,0
irc-otc,2015-06-19 23:45:00,1,0.591681,Cusipzzz: what's legit is real BTC/fiat,1,0
irc-otc,2015-01-23 00:08:00,0,-0.593383,and he hasn't worked out video editing yet,0,0
irc-otc,2015-02-25 15:26:00,1,0.502126,Michail1: yeah it definitely is small,0,0
irc-otc,2015-11-28 17:10:00,1,0.857792,"but the cool thing about that is you don't need to ""send"" your coins anywhere. you just sign transactions which you want to sign",1,1
irc-otc,2015-07-21 23:42:00,0,-0.860256,Bitmain is raping people with their prices,0,0
irc-otc,2015-11-28 17:15:00,0,-0.824246,"there's no risk, except that you end up with proceeds of a crime and go to prison for money laundering",0,0
irc-otc,2015-04-04 13:17:00,0,-0.398348,I really need to dig out my old HDDs,1,0
irc-otc,2015-11-04 17:38:00,0,-0.513028,i never understood vanity addresses... never understood why people reuse addreses either,0,0
irc-otc,2015-08-03 05:38:00,1,0.7839,not enough saying he loves heroin either,0,0
irc-otc,2015-06-14 15:13:00,0,-0.572173,better asked in #bitcoin-scams,0,0
irc-otc,2015-08-08 04:19:00,1,0.526532,"#22417 Sat Aug 8 00:17:28 2015 DoctorBTC SELL 1.0 iPad Mini 3 64gb GOLD Wifi @ 499 USD (Open box but unused, received as a promo item but I really need an iPad Air 2. Price incl. shipping and we can settle in BTC. PM with any questions!)",1,0
irc-otc,2015-12-27 04:11:00,0,-0.404387,oh you mean my phone,1,0
irc-otc,2015-11-28 17:21:00,0,-0.788483,if some coins are tainted and some are not?,1,0
irc-otc,2015-03-03 15:04:00,0,-0.854809,They're stuck.,0,0
irc-otc,2015-12-31 16:56:00,0,-0.49921,"pfft, only takes 10 bitcoin to tank this market. Anduck can sell his silver.",0,0
irc-otc,2015-11-28 17:08:00,1,0.480247,"Anduck how much is ""a small fee""? can i profit $$$$$$",1,0
irc-otc,2015-12-16 00:46:00,0,-0.307314,"barnman, you're not even accurate on your date >_>",0,0
irc-otc,2015-02-06 01:20:00,0,-0.34588,genericpersona: mm maybe not master,0,0
irc-otc,2015-09-11 04:55:00,0,-0.385045,Cusipzzz trades,0,0
irc-otc,2015-02-28 20:23:00,0,-0.722839,Chillum: ALL passwords fall to brute force.... just depends how long,0,0
irc-otc,2015-08-24 02:11:00,0,-0.700293,hmm is 8% down a lot?,0,0
irc-otc,2015-08-24 16:11:00,1,0.784576,thnx:),1,1
irc-otc,2015-06-12 02:59:00,1,0.875101,"GlooBoy: thanks, I'll test it now :)",1,1
irc-otc,2015-02-18 17:09:00,1,0.533199,shesek I like what you are doing but that thing some of us every want is coorelation,1,1
irc-otc,2015-07-12 12:12:00,1,0.779318,:),1,1
irc-otc,2015-07-23 20:49:00,0,-0.558225,It was packaged with some stupid Windows USB tool,0,0
irc-otc,2015-04-12 02:41:00,0,-0.693395,been denied 4 or 5 times,0,0
irc-otc,2015-02-09 15:22:00,1,0.715792,scouts honor,1,1
irc-otc,2015-02-11 06:01:00,0,-0.719113,my anixety condition is so bad,0,0
irc-otc,2015-12-16 00:09:00,0,-0.522265,i probably have the longest standing paypal acct out of anyone here (knock on wood),1,0
irc-otc,2015-07-13 17:46:00,0,-0.46936,and then he claimed i tried to scam him,0,0
irc-otc,2015-01-04 06:07:00,0,-0.80219,now you've jinxed it,0,0
irc-otc,2015-01-19 07:28:00,1,0.926757,wow he's pretty good. his sensitivity is insane for how accurate he is,1,1
irc-otc,2015-11-29 20:39:00,0,-0.472933,pre halving pump post turkey tanking buyingmode,1,0
irc-otc,2015-07-23 21:46:00,0,-0.4979,has to be cause: guns,0,0
irc-otc,2015-12-18 06:07:00,1,0.742842,you go ahead,0,0
irc-otc,2015-04-13 14:39:00,1,0.441745,noooo. everybody needs coddling these days.,0,0
irc-otc,2015-03-19 17:13:00,1,0.785153,oh cool https://letsencrypt.org/,1,0
irc-otc,2015-12-06 13:45:00,0,-0.64151,We will crash...just wait for Monday,0,0
irc-otc,2015-03-23 18:34:00,0,-0.569897,im just sooo tired of support that instantly assumes that you must be to blame ( without even reading the damm support request),0,0
irc-otc,2015-08-08 01:00:00,0,-0.393492,weekend tanking,0,0
irc-otc,2015-03-06 00:25:00,0,-0.334935,that's nothin,0,0
irc-otc,2015-03-08 19:00:00,0,-0.621773,but I wanted to do small deals first,1,0
irc-otc,2015-08-05 18:39:00,1,0.610995,"mmmh, butter",1,0
irc-otc,2015-06-03 05:39:00,0,-0.415573,oh dear,0,0
irc-otc,2015-10-19 18:53:00,0,-0.348508,danger indeed,0,0
irc-otc,2015-04-14 01:51:00,0,-0.503271,so much crash,0,0
irc-otc,2015-02-04 03:30:00,0,-0.836493,yup he seems to be a master for insults,0,0
irc-otc,2015-01-31 04:22:00,1,0.779318,:),1,1
irc-otc,2015-03-17 00:44:00,0,-0.502515,anyway so looks like this money smell business wont be enough to stop a really determined user of cash,0,0
irc-otc,2015-12-23 16:49:00,1,0.784576,Welcome :),1,1
irc-otc,2015-05-03 16:33:00,0,-0.822737,Me too.. honestly the way they worded it is accusing me of cheating,0,0
irc-otc,2015-07-19 22:25:00,1,0.449645,What would be a reasonable price?,1,0
irc-otc,2015-12-19 17:19:00,1,0.623885,use a multimeter bro,1,0
irc-otc,2015-08-25 15:16:00,1,0.472074,wow the china tanq continues,1,0
irc-otc,2015-03-28 09:53:00,1,0.533834,-.-,0,0
irc-otc,2015-12-06 00:24:00,0,-0.295723,the less crap you have to deal with at the airport the better,0,0
irc-otc,2015-03-19 15:42:00,0,-0.418949,I think you should sell. :p,1,0
irc-otc,2015-07-27 07:19:00,0,-0.88029,heh prison break. i dont remember prison break requiring drug lord level money to effect the break,0,0
irc-otc,2015-12-16 05:03:00,0,-0.816274,also soon there will be pruning so you just delete all the blockchain data,0,0
irc-otc,2015-02-06 13:04:00,0,-0.302567,;;fraud,0,0
irc-otc,2015-01-12 01:43:00,0,-0.707321,tuna are very hard to farm,0,0
irc-otc,2015-11-04 04:50:00,0,-0.551287,yeh but nothing being done,0,0
irc-otc,2015-11-03 20:37:00,0,-0.707094,i just installed one but i don't see it,0,0
irc-otc,2015-01-26 02:34:00,0,-0.486564,trying to remember if you have to bootloader unlock the tab 4 to root it,1,0
irc-otc,2015-05-28 01:00:00,1,0.779318,=),1,0
irc-otc,2015-09-22 12:39:00,1,0.926658,some sources saying VW up to $25bn fine heh heh,1,0
irc-otc,2015-05-06 01:39:00,1,0.658267,"nah it won't those are literal matches, it takes regexes if you do it a different way",0,0
irc-otc,2015-10-05 03:42:00,1,0.866247,EPiSKiNG-: their website is acting funky,0,0
irc-otc,2015-05-29 19:33:00,0,-0.744496,maybe just the ad needs to die,0,0
irc-otc,2015-09-30 00:15:00,0,-0.842213,you dont inspire sympathy that way if you force tests about it,0,0
irc-otc,2015-01-31 15:12:00,0,-0.67978,newp srry,0,0
irc-otc,2015-02-06 08:36:00,1,0.677578,and it's an easily obtainable wordlist,0,0
irc-otc,2015-02-09 22:12:00,1,0.833186,we'll smother the blues with tenderness,1,0
irc-otc,2015-03-28 05:24:00,0,-0.387636,cant do it on OSX no imagick,0,0
irc-otc,2015-02-04 14:00:00,0,-0.421137,cornfeedhobo: EvanR: Michail1: Anduck: tanking,0,0
irc-otc,2015-03-08 19:18:00,0,-0.679493,well they're banned now,0,0
irc-otc,2015-02-12 02:34:00,1,0.870621,there is an entire sub economy of uber-like local delivery services that they use. i got an amazon package one night at 9pm from what looked like a guy in a yugo.,1,0
irc-otc,2015-04-14 15:21:00,0,-0.638164,"people underestimate the strength of the mined coins - or inflation, whatever one wants to call it",0,0
irc-otc,2015-12-27 01:58:00,1,0.761984,hi Luke-Jr ;),1,1
irc-otc,2015-06-14 03:13:00,0,-0.326765,Q5/Q10/Classic all same difference to me tbh,1,0
irc-otc,2015-12-26 17:11:00,0,-0.452943,EvanR: tanking,0,0
irc-otc,2015-07-29 19:00:00,1,0.763093,"mmmmmm, yeah that is good",1,1
irc-otc,2015-03-01 14:19:00,1,0.483242,oh gotcha,1,0
irc-otc,2015-12-27 04:26:00,0,-0.422795,Jason: seriously? ... win10....,0,0
irc-otc,2015-09-01 21:40:00,1,0.591969,"good luck, anyhow",1,1
irc-otc,2015-12-26 22:08:00,1,0.836105,"if you are selling for a reasonable price and will ship first to trusted people here, you should have no problem",1,0
irc-otc,2015-03-23 20:14:00,0,-0.531493,i did end up finding btc tho,1,0
irc-otc,2015-07-16 15:08:00,0,-0.392517,More than blockchain. geesh,0,0
irc-otc,2015-12-15 20:23:00,1,0.534101,"""with sufficient thrust, pigs fly just fine""",1,1
irc-otc,2015-12-16 15:58:00,0,-0.518473,;;rate GlooBoy 1 has been around longer than me,1,0
irc-otc,2015-08-14 03:50:00,0,-0.380839,"The other Norris, he isnt active in chat is he?",0,0
irc-otc,2015-08-24 16:32:00,0,-0.360499,The CEO of bitcoin has been arrested,0,0
irc-otc,2015-07-22 19:45:00,0,-0.535382,"So, I want another key for my car. I see it on ebay for only $60. So, I call dealership to get the cost of programming the car to work with the key. The idiot says.... ""Well, if the key is programmed for another car, then it can't be programmed for your car. It's kind of like a computer and can't be changed.""",0,0
irc-otc,2015-01-16 02:44:00,1,0.84366,"pretty impressive, gotta say",1,1
irc-otc,2015-02-02 09:29:00,0,-0.477405,"however, if they try to file for a trademark, you can probably get it invalidated.",0,0
irc-otc,2015-08-07 18:13:00,0,-0.361499,"So while you may have all these random laws here and ther, they're ultimately superceded, because while technically illegal, it was reasonable for a person to do it and think it was okay, so it's not punishable.",1,0
irc-otc,2015-03-02 16:40:00,1,0.459502,DeepSpace: lol,1,0
irc-otc,2015-08-08 00:26:00,1,0.537816,"oh, makes sense",1,0
irc-otc,2015-07-07 06:58:00,0,-0.776912,You're not supposed to,0,0
irc-otc,2015-02-12 13:10:00,0,-0.761664,unicodesnowman not my network. I'm trying to block gribble's messages about scammers and I'm testing the script.,1,0
irc-otc,2015-03-18 15:28:00,0,-0.540012,"a5m0: the funny thing about soylent - it actually costs more than US average food per month, kinda defeats the purpose: http://www.cnpp.usda.gov/sites/default/files/CostofFoodJan2015.pdf",0,0
irc-otc,2015-08-14 07:24:00,0,-0.453183,"So in about a week, the text banking began to work again",1,0
irc-otc,2015-06-03 21:25:00,0,-0.481343,you aren't paying attention,0,0
irc-otc,2015-07-29 03:59:00,0,-0.922003,youngfong> about as sketchy as peeps looking for crap they can try to unload here,0,0
irc-otc,2015-12-24 04:43:00,0,-0.734204,Thanks. I have to upgrade this laptop or borrow my roomates before I can do anything,1,0
irc-otc,2015-02-16 05:50:00,0,-0.494477,"joecool: if you have probs controlling your spending, credit cards aren't for you",0,0
irc-otc,2015-12-06 04:04:00,0,-0.81719,pffft fake,0,0
irc-otc,2015-02-25 02:54:00,0,-0.760726,wouldnt it be the same if bitcoind had a flaw that allowed $person to steal bitcoin,0,0
irc-otc,2015-01-02 13:16:00,1,0.755389,wanna buy 20 usd:),1,0
irc-otc,2015-08-15 17:44:00,0,-0.41152,how is nobody selling giftcards,0,0
irc-otc,2015-10-07 18:07:00,0,-0.866735,coin_trader - meh. just bored.,0,0
irc-otc,2015-03-23 20:24:00,1,0.732724,Oh yes I'm completely new,1,0
irc-otc,2015-03-11 16:42:00,0,-0.515094,"User 'K0HAX', with keyid 6BB1575E3ECF57E5, fingerprint 7E71BF255C4D9F7299BF74056BB1575E3ECF57E5, and bitcoin address None, registered on Wed May 11 16:40:16 2011, last authed on Sat Jan 1 00:00:00 2011. http://b-otc.com/vg?nick=K0HAX . Currently not authenticated.",0,0
irc-otc,2015-03-02 02:01:00,0,-0.801961,"Jason you totally should, it's PRO AS FUCK",1,1
irc-otc,2015-02-05 15:14:00,0,-0.54259,you don't think each of those are selling for 1250 TOGETHER did you?,0,0
irc-otc,2015-11-28 20:06:00,0,-0.837915,grr gyft confirm the damn payment so I can order my christmas shit,0,0
irc-otc,2015-02-22 04:05:00,0,-0.625766,i was being scammed,0,0
irc-otc,2015-10-02 15:17:00,0,-0.909075,on reddit much discussion about how shootings cause many more deaths than terrorism,0,0
irc-otc,2015-04-02 16:48:00,0,-0.582981,Apocalyptic: confirmed pre weekend tank post april fools rallymoad,0,0
irc-otc,2015-01-23 10:53:00,1,0.765473,that's a fair few ...,1,0
irc-otc,2015-11-28 19:00:00,0,-0.535675,ive never given coinbase my money,0,0
irc-otc,2015-07-02 23:04:00,0,-0.422497,Agh. U need to stop with the pegging to the dollar !,0,0
irc-otc,2015-08-03 04:00:00,0,-0.778404,"grubles, The guy needs food..",0,0
irc-otc,2015-12-09 08:32:00,0,-0.339155,you don't need to use the orderbook,0,0
irc-otc,2015-01-21 00:32:00,1,0.875056,and delicious,1,1
irc-otc,2015-05-03 10:36:00,1,0.632025,that'll make up for the next hour that I'll be silent :d,1,0
irc-otc,2015-11-10 21:20:00,0,-0.546851,me too,1,0
irc-otc,2015-04-12 14:39:00,0,-0.827308,GlooBoy: damn I was about to say that,0,0
irc-otc,2015-06-20 21:32:00,0,-0.574652,Who wants a giggle?,1,1
irc-otc,2015-06-11 08:21:00,0,-0.612806,reddit has become fat people talk,0,0
irc-otc,2015-12-26 08:29:00,0,-0.360368,btc-e says 1:3 how do they handle risk,0,0
irc-otc,2015-05-17 19:56:00,1,0.459502,HoMM: lol,1,0
irc-otc,2015-01-16 03:11:00,1,0.862369,"hmm, makes sense about checking offers. what's the most accepted payment method, since paypal seems to be disliked?",0,0
irc-otc,2015-11-09 17:11:00,0,-0.872902,I hate when the sound doesn't play on .gifs,0,0
irc-otc,2015-03-30 17:13:00,0,-0.680088,grubles: do you have a 1 gram bar,1,0
irc-otc,2015-12-24 15:51:00,1,0.500173,"You're kidding, right?",0,0
irc-otc,2015-03-31 16:08:00,1,0.531281,interesting stuff,1,1
irc-otc,2015-05-01 08:50:00,1,0.895832,ok thanks,1,0
irc-otc,2015-12-16 10:56:00,0,-0.515547,so 3 years on you'll be liable for $5 because you didn't cancel in time?,0,0
irc-otc,2015-08-15 02:21:00,0,-0.68194,Pretty sure that one could handle 135 without a catastrophic failure,1,1
irc-otc,2015-03-31 19:43:00,1,0.865906,LTNS hehe,1,0
irc-otc,2015-03-26 12:07:00,1,0.751662,because that's something the MNs are good for,0,0
irc-otc,2015-01-12 01:50:00,0,-0.665135,and sometimes it's just fishy,0,0
irc-otc,2015-08-30 18:09:00,0,-0.749075,in the trash,0,0
irc-otc,2015-08-13 18:29:00,0,-0.687282,"Michail1 was last seen in #bitcoin-otc 2 hours, 35 minutes, and 30 seconds ago: <Michail1> I love the news when they state the obvious. 1/4th the population loses there job and they state things like.... ""New construction may be affected""",1,0
irc-otc,2015-04-17 11:40:00,0,-0.294792,"Bitfinex BTCUSD ticker | Best bid: 222.36, Best ask: 222.4, Bid-ask spread: 0.04000, Last trade: 222.4, 24 hour volume: 26859.34038708, 24 hour low: 219.58, 24 hour high: 230.0, 24 hour vwap: None",1,0
irc-otc,2015-11-15 19:51:00,0,-0.436578,"zveda, i'm not ded",1,0
irc-otc,2015-02-20 22:05:00,0,-0.647738,"no, just shutting down and moving to new management or something",0,0
irc-otc,2015-03-27 14:11:00,1,0.783911,HEY BUT GUESS WHAT CONGRATULATIONS,1,0
irc-otc,2015-11-14 18:01:00,1,0.724139,fluffypony: Minimizing change outputs is a completely differrent shelf.,1,0
irc-otc,2015-04-26 16:29:00,0,-0.565029,actually most don't require any scans,0,0
irc-otc,2015-06-13 00:21:00,0,-0.745852,as if 1x isnt annoying enough,0,0
irc-otc,2015-04-22 14:01:00,0,-0.432427,you can try the r/giftcardexchange subreddit next time around,1,0
irc-otc,2015-07-02 09:01:00,0,-0.818175,dammit. guess im installing windows 8 tomorrow. :(,0,0
irc-otc,2015-11-11 15:58:00,1,0.848392,DAE love the 13 Hours movie advert in the middle of the debate,1,1
irc-otc,2015-07-13 10:24:00,0,-0.851158,"Steven_M: they are virtually all scams, and the ones that aren't, are very unpopular",0,0
irc-otc,2015-08-28 12:56:00,1,0.221574,"pretty much.... I get to do stuff like Arrow Tag, Laser tag, puppy rooms, quadcopter racing (indoor), weekly cinema etc etc",1,0
irc-otc,2015-02-13 10:41:00,1,0.540454,"I'm buying bitcoins worth a hundret euros, /msg me",1,1
irc-otc,2015-02-02 16:44:00,0,-0.591151,poor anton :(,0,0
irc-otc,2015-02-20 15:14:00,1,0.556366,you can make .4 a month pretty easy,1,1
irc-otc,2015-04-03 14:52:00,0,-0.843614,ACTION sighs.,0,0
irc-otc,2015-01-12 01:34:00,1,0.622823,thuisbezorgd.nl accepts btc :),1,0
irc-otc,2015-09-22 01:49:00,0,-0.890747,that's shitty if you ask me,0,0
irc-otc,2015-03-07 18:30:00,1,0.678088,most people on here just want stuff thats bought with cash that u have the receipt for,1,0
irc-otc,2015-01-29 10:27:00,0,-0.480165,than if you don't need it,0,0
irc-otc,2015-12-15 21:38:00,0,-0.728781,i don't even know how much these go for,1,0
irc-otc,2015-03-08 16:51:00,0,-0.712909,Cusipzzz: if only mtgox stuck to their vision,0,0
irc-otc,2015-01-23 00:55:00,0,-0.633143,"that's not an error, that's just std output",0,0
irc-otc,2015-04-11 02:39:00,0,-0.598476,it looks like if the bitcoind isnt set up securely enough you can manage to brute the instance unless theres builtin protection im unaware of,0,0
irc-otc,2015-03-02 16:39:00,0,-0.485426,"$1750 up or $50 down, there's your ratio",1,0
irc-otc,2015-04-14 15:17:00,0,-0.741101,you calculated these things?,0,0
irc-otc,2015-07-23 20:38:00,0,-0.359904,you wonder how such people get their jobs,0,0
irc-otc,2015-03-02 16:40:00,0,-0.202752,I feel like I missed something. Lol.,1,0
irc-otc,2015-09-12 15:20:00,0,-0.702991,"actually no, thats bad",0,0
irc-otc,2015-10-22 20:31:00,1,0.611608,"Ohhh, I like the bang idea",1,1
irc-otc,2015-02-18 17:39:00,0,-0.470779,"yep, no avoiding it",1,0
irc-otc,2015-03-14 16:43:00,0,-0.371917,;;last,1,0
irc-otc,2015-09-02 01:15:00,1,0.972605,"i see progress, Im a happy guy :)",1,1
irc-otc,2015-07-25 06:22:00,0,-0.728167,"you are logged in as stupid, not as toldixxbeam_",0,0
irc-otc,2015-01-06 01:03:00,0,-0.638858,"all deaths final, final death",0,0
irc-otc,2015-02-06 05:16:00,0,-0.761499,all scammers admit they are scamming from square one,0,0
irc-otc,2015-04-12 14:33:00,1,0.502566,so you fscked up your email archive. what format? why can't you retrieve it? what sort of help do you expect? that sort of thing.,0,0
irc-otc,2015-01-05 13:58:00,0,-0.583853,"possibly internal. i mean, who wouldn't try and walk away with 5 million is crypto?",0,0
irc-otc,2015-12-17 17:04:00,0,-0.624827,Victorsueca: no i meant statoshi,0,0
irc-otc,2015-11-10 04:00:00,1,0.846902,"battery lasts all day, good camera",1,1
irc-otc,2015-04-17 15:32:00,0,-0.605419,you actually gave me -1 for a nick squatter a while ago,0,0
irc-otc,2015-08-31 19:33:00,1,0.633761,couple of nice thundery cells moved thru very quick.. any hard rain ended in minutes,1,1
irc-otc,2015-06-14 00:44:00,0,-0.384196,total scam coins,0,0
irc-otc,2015-06-09 14:31:00,0,-0.861609,"I dont' think this release is very buggy because it doesn't change too much, this split feature has been in development for years now",1,0
irc-otc,2015-02-06 08:41:00,0,-0.504521,SwedFTP: don't rely on sort's -R for random number generation,0,0
irc-otc,2015-07-30 17:40:00,0,-0.480709,coulda gone with 101,1,0
irc-otc,2015-12-27 01:58:00,0,-0.608176,last I heard no,0,0
irc-otc,2015-06-09 21:49:00,0,-0.790505,Like you don't get contaminated by flaked off paint.,0,0
irc-otc,2015-01-17 00:00:00,1,0.477039,it's friday,1,0
irc-otc,2015-12-31 03:31:00,1,0.754196,cash is a gift,1,0
irc-otc,2015-01-01 00:16:00,0,-0.696855,CoJaBo: i'm always doing shit,0,0
irc-otc,2015-01-04 06:12:00,1,0.743764,$277 has a strong buyer.,1,0
irc-otc,2015-01-06 01:16:00,0,-0.834604,RBecker: shit be broken,0,0
irc-otc,2015-02-14 00:14:00,1,0.779318,=),1,1
irc-otc,2015-12-22 04:18:00,0,-0.767555,well cdroms are pretty useless. I figured I could make a module that I could slide in there to add secondary computers to any system,0,0
irc-otc,2015-12-01 21:35:00,1,0.654683,many satoshis wow,1,0
irc-otc,2015-07-21 20:40:00,1,0.588814,"heh... ashley madison's motto is, ""life is short. have an affair!""",0,0
irc-otc,2015-03-01 07:08:00,0,-0.924356,I suspect a poor disguise,0,0
irc-otc,2015-10-04 10:46:00,0,-0.698857,gribble: didn't think about that,0,0
irc-otc,2015-12-04 15:38:00,1,0.847914,Selling mail hosting @softnet.homenet.org only $0.10/Gb/mo Payments in Bitcoin accepted of course :D PM if interested or for more info.,1,0
irc-otc,2015-08-24 10:13:00,0,-0.577498,"If you are going to hard fork, why not decrease transaction size instead? It is posible, it is still an ugly patch which won't solve anything in the long term, but it achieves the same as increasing block size at a lower cost.",1,1
irc-otc,2015-12-18 18:58:00,1,0.749984,ah true,1,0
irc-otc,2015-05-03 10:28:00,1,0.474687,"Also, most native English speakers don't follow the rules either, even I don't at times and thats how I earn a living haha",0,0
irc-otc,2015-08-08 02:49:00,1,0.893874,"Anyway, Willing to do programming for BTC! :D",1,0
irc-otc,2015-01-20 00:10:00,1,0.617993,liquid mercury is a gift,1,0
irc-otc,2015-08-26 05:43:00,0,-0.657312,"TheButterZone, I think wizkid057 disabled that a while ago",1,0
irc-otc,2015-01-31 01:08:00,0,-0.808426,what was my other one wtf,0,0
irc-otc,2015-01-23 10:44:00,0,-0.598403,"you know, instead of ""do not call lists"" -- which are really quite f'n stupid -- the law really should require phone spammers to register for a number from a designated phone spammer block, and use that for a caller ID. call it back (free of charge, why not) and you get the complaints desk",0,0
irc-otc,2015-07-15 04:32:00,1,0.94844,arij: excellent thanks,1,1
irc-otc,2015-06-05 13:54:00,0,-0.414411,probably some scam site somewhere,0,0
irc-otc,2015-04-18 17:02:00,1,0.580968,i'm selling love for 0.001/day,1,0
irc-otc,2015-06-09 06:15:00,0,-0.723618,and try to deflect every criticism of your western paradise,0,0
irc-otc,2015-07-20 18:31:00,0,-0.478185,swartz'd i suppose,1,0
irc-otc,2015-02-20 15:26:00,1,0.652576,positive expected value would be -x% house edge. My borther told be there was a lottery where the small winnings were actually worth it.,1,0
irc-otc,2015-07-29 12:54:00,0,-0.769861,"This is bitcoins flaw I swear. It wouldnt be bad except for the stupid currency exchanges. Nice bro, wish I had some of that",0,0
irc-otc,2015-12-25 22:02:00,1,0.599348,mxtm i just upgraded my fone os today,1,0
irc-otc,2015-09-13 17:46:00,1,0.485018,yesss finally got gns3 working,1,1
irc-otc,2015-11-26 03:16:00,0,-0.779563,which makes sense because oblivion (predecessor to skyrim) was more like fallout 3 / new vegas,0,0
irc-otc,2015-09-23 17:39:00,0,-0.434713,"grubles, no yours were not d2",0,0
irc-otc,2015-12-22 01:17:00,1,0.830606,Its like whatever I pay for I can make better at home for less expense and have drinks too. Plus I enjoy making it - might be the clincher.,1,1
irc-otc,2015-05-27 04:00:00,0,-0.388103,figured I'd PM you,1,0
irc-otc,2015-07-13 14:55:00,0,-0.776468,his own party is pissed,0,0
irc-otc,2015-12-29 19:33:00,0,-0.801227,computer broken,0,0
irc-otc,2015-10-02 14:56:00,0,-0.821678,"priv keys aren't saved, but I can't prove that to you for my site. The CLIENT is open source though.",0,0
irc-otc,2015-02-10 16:58:00,0,-0.62635,"and they're at financial war with the rest of the world, so ofc you have to pay fees",0,0
irc-otc,2015-04-04 06:01:00,0,-0.296093,"YouTube Title: Tyrone Tells You The Secret To Buy Bitcoin INSTANTLY! Views: 10,054 Length: 0:22 Uploaded: ",1,0
irc-otc,2015-08-05 01:29:00,1,0.622408,or maybe awesome invisible points,1,1
irc-otc,2015-12-13 14:59:00,0,-0.768654,I'm deleting the the past in,0,0
irc-otc,2015-01-05 08:00:00,0,-0.663482,"As suggested to me, it looks like the CSRF warning from Chrome was due to a certificate rotation. I have copies of two certs here I was receiving; the first saved from the Chrome session where the CSRF warning occurred, and the second from an s_client extraction manually. Neither seem to fail CRL checks.",0,0
irc-otc,2015-05-22 17:47:00,0,-0.543145,"so, shows that an exchange can absorb a loss if done properly",1,0
irc-otc,2015-05-22 15:14:00,0,-0.761422,Ugh this downtime is killing me!,0,0
irc-otc,2015-08-10 03:18:00,0,-0.704338,"""Damnit jim im a doctor not an engineer""",0,0
irc-otc,2015-07-30 17:37:00,0,-0.533518,"give ether credit, they took the presale scam to a new level",1,1
irc-otc,2015-03-28 04:50:00,0,-0.517476,all the cool ppl arent here,0,0
irc-otc,2015-04-27 22:09:00,0,-0.893942,most of the exchanges got hit pretty damn hard from the egopay fiasco few month ago -- BTC-e included,0,0
irc-otc,2015-03-07 07:54:00,0,-0.81324,plus are mad reversible,0,0
irc-otc,2015-07-16 02:33:00,0,-0.322619,and it so happens I literally just got a Project Fi invite,1,0
irc-otc,2015-12-16 00:37:00,0,-0.774775,zveda: tornado warning??,0,0
irc-otc,2015-09-12 22:39:00,0,-0.807469,BPB probably annoyed someone again if he is banned..,0,0
irc-otc,2015-03-25 17:38:00,0,-0.416591,^ don't forget the snot.,0,0
irc-otc,2015-02-10 19:35:00,0,-0.430489,"sell ur btc, you never gonna be enable to buy at this price again",0,0
irc-otc,2015-12-10 16:18:00,0,-0.729881,Your sec is up.,1,0
irc-otc,2015-03-28 14:09:00,0,-0.498213,you seen the new HL2 Update>?,1,0
irc-otc,2015-03-07 20:51:00,0,-0.336526,yeah I know,1,0
irc-otc,2015-03-11 16:57:00,1,0.806461,^^,1,0
irc-otc,2015-03-01 01:29:00,0,-0.390007,it's the fraud markup,0,0
irc-otc,2015-02-26 16:40:00,1,0.64493,"To double your bitcoins is very easy, you need to send the bitcoins to this address:",1,1
irc-otc,2015-03-24 04:16:00,1,0.762778,and tons of other vps/cloud service providers accept btc as well,1,0
irc-otc,2015-12-30 15:12:00,0,-0.474014,"10 is alright, but for a business no reason to upgrade from 7",0,0
irc-otc,2015-05-27 06:43:00,1,0.450288,CoJaBo: Depends on what I'm using it for.,1,0
irc-otc,2015-03-02 16:40:00,1,0.846339,then this is fair.,1,1
irc-otc,2015-07-23 18:07:00,0,-0.842145,"<Chillum> if I am a retard. Nope, sorry",0,0
irc-otc,2015-03-06 00:06:00,1,0.630011,"GlooBoy im jk anyways, i let him know that if he plans on staying around its a good idea to register",1,0
irc-otc,2015-01-08 04:20:00,0,-0.304935,"I read he, at one point, had 70lbs of those explosives he was selling in his apartment",0,0
irc-otc,2015-01-10 00:37:00,1,0.05367,My opinion is biased since I'm a freelancer. :),1,1
irc-otc,2015-01-05 14:16:00,0,-0.737682,why is there no announcement of downtime :(,0,0
irc-otc,2015-08-02 17:44:00,1,0.471257,hello young fing,1,0
irc-otc,2015-01-20 15:34:00,1,0.480516,just finished mai math midterm :D,1,0
irc-otc,2015-12-05 04:37:00,0,-0.788608,it sucks but there is one,0,0
irc-otc,2015-11-25 19:37:00,0,-0.74018,eww php errors,0,0
irc-otc,2015-09-02 15:40:00,1,0.627587,"It got he right reaction, no sorry needed ;)",1,1
irc-otc,2015-08-25 01:47:00,1,0.514355,!market buy 8000,1,0
irc-otc,2015-01-21 00:51:00,1,0.815048,that's a good guess. I'm betting surge protector,1,1
irc-otc,2015-10-05 15:02:00,0,-0.650871,"can't get any lower, AMIRITE?",0,0
irc-otc,2015-08-26 06:22:00,1,0.795729,RBecker: how did you pay? :),1,1
irc-otc,2015-05-19 03:02:00,1,0.792508,shit son those new Premium Chicken wraps are good,1,1
irc-otc,2015-04-20 19:33:00,1,0.908753,^^^if they treat boy-scouts like michail1 like that - - - imagine what they would do to you and your tainted-ass coins ;),0,0
irc-otc,2015-03-26 12:04:00,0,-0.807289,"Monero is completely the opposite of Dask - it has REAL anonymity capability, but NOTHING THE FUCK ELSE",0,0
irc-otc,2015-06-19 04:55:00,1,0.500507,to be honest 0.003 would do it rozal,1,0
irc-otc,2015-08-26 17:22:00,0,-0.577845,step into my office. Don't mind the whips and handcuffs,0,0
irc-otc,2015-06-03 06:22:00,0,-0.799311,:-(,0,0
irc-otc,2015-05-05 13:07:00,0,-0.896955,redditors are goddamn dumb or just trolls,0,0
irc-otc,2015-03-26 12:29:00,0,-0.938119,fluffypony: Still shitty.,0,0
irc-otc,2015-03-15 02:12:00,0,-0.767744,"02:01:35 < VanCleef> i dont know, might get stolen?",0,0
irc-otc,2015-12-03 00:25:00,1,0.671442,you win,1,1
irc-otc,2015-10-15 22:45:00,0,-0.375387,ah nvm,0,0
irc-otc,2015-12-16 00:48:00,0,-0.482838,"zveda, our weather gets screwed by the shifts between El Nino and La Nina, plus the Great Southern Ocean",0,0
irc-otc,2015-08-10 15:05:00,0,-0.838305,"yeah looks like they're down atm, might be having some server problems or something",0,0
irc-otc,2015-01-03 01:58:00,0,-0.572263,midnightmagic: or remove that after 12 hours - problem being cholby is prowling,0,0
irc-otc,2015-09-21 22:34:00,1,0.440625,https://anduck.net/bitcoin/ << see the most right brown vertical line,1,0
irc-otc,2015-03-07 02:21:00,1,0.555479,well it's like how keyboards are for..normal stuff,1,0
irc-otc,2015-07-25 16:32:00,0,-0.440249,tbh it'd prob build with clang if i rebuilt all the libraries it needs with clang (shit like boost),0,0
irc-otc,2015-05-08 11:21:00,0,-0.883312,that's not good though,0,0
irc-otc,2015-12-25 13:06:00,0,-0.742137,they seem to be quite unreliable to power up (though overvolted),0,0
irc-otc,2015-07-02 04:10:00,0,-0.754867,glbse.net isnt taken,0,0
irc-otc,2015-02-11 03:30:00,0,-0.699077,Still no clue what that is,0,0
irc-otc,2015-01-12 01:21:00,0,-0.821614,so much fud from that chan reached the front page of /r/bitcoin,0,0
irc-otc,2015-02-03 17:04:00,0,-0.602131,come back to civilization..sinuses no problemo,1,0
irc-otc,2015-06-03 05:46:00,0,-0.549101,"for example, I won't be taking my current laptop to beijing",0,0
irc-otc,2015-06-20 20:50:00,0,-0.664513,I think the last time I did was cataclysm early on for archaeology,0,0
irc-otc,2015-10-03 18:54:00,0,-0.384821,Always my nick,1,0
irc-otc,2015-02-18 17:07:00,0,-0.333546,i am on the east coast ill see where the closest td is,1,0
irc-otc,2015-02-25 19:01:00,0,-0.319542,The ad revenue goes to the people who hold the forum money. Theymos gets as much as we do + a little bit extra for hosting.,1,0
irc-otc,2015-08-07 23:03:00,0,-0.745889,at least that's the way my grandma taught me,1,0
irc-otc,2015-02-28 01:28:00,0,-0.754251,that why they want you to pay about 900 eur per year and the money goes to hollywood,0,0
irc-otc,2015-02-23 19:53:00,1,0.683823,dentists are spooky,0,0
irc-otc,2015-08-08 12:47:00,0,-0.845359,"unicodesnowman, you dont have any lag since it doesnt pause to check to much",0,0
irc-otc,2015-04-11 15:26:00,1,0.589942,"JWU42, i buy at discounts yo",1,0
irc-otc,2015-06-03 05:05:00,1,0.596715,"but because I pulled a couple of all nighters working on it to clear said rep faster, that made an impression",1,0
irc-otc,2015-06-12 22:57:00,1,0.455693,"grubles: well, I definitely sent him 100 BTC..",1,0
irc-otc,2015-02-21 11:43:00,0,-0.456986,"I do, but I haven't had the time to watch it, nor read the manga.",1,0
irc-otc,2015-07-23 20:37:00,0,-0.705495,right now I'm actually attemptign to fix a label maker and that didn't work,0,0
irc-otc,2015-01-26 14:17:00,0,-0.627518,"Elio19 - I wasn't thinking. Everytime there is a hike in price, the manipulators come in and dump. Typically they will buy back just a little to bring the price back up.",0,0
irc-otc,2015-08-28 14:25:00,0,-0.527823,i bet gloo could use a tank to ride out the storm,1,0
irc-otc,2015-05-22 16:06:00,1,0.488617,really? lol,1,0
irc-otc,2015-08-09 22:25:00,0,-0.451378,I literally have a 50$ white giftcard. I would give the code and pics,1,0
irc-otc,2015-10-27 15:14:00,0,-0.621613,Darn. I'm out of sync. Thought it was post weekend tanking dead cat pump.,0,0
irc-otc,2015-11-12 23:35:00,0,-0.682014,"I don't know about you guys, but this has 4chan written all over it",0,0
irc-otc,2015-03-07 19:24:00,0,-0.663716,gotta make sure you ain't money laundering,0,0
irc-otc,2015-03-24 05:53:00,0,-0.88802,"MaliceRed: Damn... that really, REALLY blows",0,0
irc-otc,2015-05-22 16:41:00,0,-0.492138,he needs a shoop done,0,0
irc-otc,2015-10-12 14:23:00,0,-0.507661,"weird, says its still not registered - and yes, i registered with my wallet last night",0,0
irc-otc,2015-03-23 18:37:00,1,0.786124,I agreed to the spyware too. nice to see ads that I like,1,0
irc-otc,2015-12-29 17:54:00,1,0.870481,"oh i see now, thanks",1,1
irc-otc,2015-05-15 01:00:00,0,-0.612813,not yet at least,0,0
irc-otc,2015-03-19 16:02:00,0,-0.650542,ACTION throws more into cold storage,1,0
irc-otc,2015-09-07 17:54:00,1,0.719882,sure it's free,1,1
irc-otc,2015-08-05 15:24:00,0,-0.821489,"Apocalyptic, I cant",0,0
irc-otc,2015-03-18 16:13:00,1,0.669819,btc is atleast worth 400. not less,1,0
irc-otc,2015-05-14 17:40:00,0,-0.74295,"$.18 fee is barely worth anyones time really, right?",0,0
irc-otc,2015-12-09 09:51:00,1,0.447664,fluffypony: agreed,1,0
irc-otc,2015-07-20 02:41:00,0,-0.471305,GAH I need .5 bitcoins. Does anyone have any suggestions?,1,0
irc-otc,2015-08-07 06:13:00,0,-0.866567,"""soon"" won't win you 10000 bits",0,0
irc-otc,2015-03-17 05:36:00,0,-0.748627,"My car goes slower when the radio is on. I think it's cause the radio waves make fuel burn at a different rate which causes knock. And, we all know the knock sensor retards timing which decreases power to prevent detination",0,0
irc-otc,2015-11-06 03:23:00,1,0.779318,:),1,1
irc-otc,2015-08-13 15:55:00,0,-0.588503,war on isis is like war on terror... US has been there done that,0,0
irc-otc,2015-03-03 17:52:00,0,-0.724084,it just isn't possible,0,0
irc-otc,2015-02-22 04:45:00,1,0.684103,grubles: security support != promotional support,1,0
irc-otc,2015-05-14 17:53:00,0,-0.346243,who broke Bitstamp? :),1,0
irc-otc,2015-08-08 19:52:00,0,-0.356305,"I believe I had mentioned it was still under warranty from Asus, didn't I?",0,0
irc-otc,2015-04-07 22:28:00,0,-0.383742,you report that too,0,0
irc-otc,2015-01-02 15:53:00,1,0.492385,!ticker,0,0
irc-otc,2015-03-26 12:12:00,0,-0.842957,"Wolf`: after the 202612 attack we stopped working on frilly rubbish to focus on fundamentals, because this is people's money we're playing with, so we can't take shortcuts",0,0
irc-otc,2015-01-06 05:16:00,1,0.691841,now we're talkin,1,1
irc-otc,2015-10-26 00:12:00,0,-0.877196,it was not good,0,0
irc-otc,2015-11-04 14:31:00,0,-0.843096,9% difference! That's back to the worst of MtGox days.,0,0
irc-otc,2015-10-22 20:09:00,1,0.513942,"i.e. keep cool, roll with inevitable corrections, etc",1,0
irc-otc,2015-05-03 10:39:00,0,-0.80694,autism is the catchall now for any awkward social behavior innit,0,0
irc-otc,2015-02-11 04:51:00,0,-0.891731,yea i hate when that happens,0,0
irc-otc,2015-07-20 16:49:00,0,-0.83209,"mike179: seems a shame to just give away something of that value. Problem with selling it for real money is, I'm guessing, you can't prove the code is good without actually giving it away",1,0
irc-otc,2015-11-27 18:30:00,0,-0.873966,"oops -wrong ad - wasted a whole spam credit, damm",0,0
irc-otc,2015-07-10 15:32:00,0,-0.674905,"Azelphur, oh didnt realize you use it like amazon. I ussually dont do any buy now's on ebay",0,0
irc-otc,2015-12-01 16:55:00,0,-0.643618,"you should be honest and be like ""I fleeced this sucker""",0,0
irc-otc,2015-10-27 16:59:00,0,-0.309948,buidling.....,1,0
irc-otc,2015-05-27 04:35:00,1,0.503751,"once you get your first trades done, it gets incrementally easier",1,0
irc-otc,2015-11-28 15:07:00,0,-0.593225,"zveda, not accepting RBF payments",0,0
irc-otc,2015-10-05 16:37:00,1,0.741557,^^ +`,1,0
irc-otc,2015-03-08 16:40:00,0,-0.313304,I have rare pepper and tomato seeds available for Crypto,0,0
irc-otc,2015-05-24 04:31:00,0,-0.788263,"fix your settings, the defaults always lead to excess flood",0,0
irc-otc,2015-05-27 14:02:00,1,0.890918,fat box. heh,0,0
irc-otc,2015-03-20 20:47:00,0,-0.540271,"WARNING: Currently not authenticated. Trust relationship from user felipelalli to user jshriver: Level 1: 0, Level 2: 0 via 0 connections. Graph: http://b-otc.com/stg?source=felipelalli&dest=jshriver | WoT data: http://b-otc.com/vrd?nick=jshriver | Rated since: never",0,0
irc-otc,2015-12-26 15:45:00,0,-0.41425,I wanna play the ranging market,1,0
irc-otc,2015-03-17 06:49:00,0,-0.55488,"naaa, at $20 each with case and PSU and shipping included, I can't turn down that price. And, even better, I get to pay in bitcoin which I paid 8% below for. You still think it's a bad deal? heh",1,0
irc-otc,2015-07-29 21:22:00,0,-0.770236,geez Im not keeping up,0,0
irc-otc,2015-02-09 22:57:00,0,-0.409614,You need to decrypt a string,1,0
irc-otc,2015-05-23 00:13:00,0,-0.552639,"yup imo theres no more gnu/linux or debian/linux, now ( nearly ) everyone gets systemd/linux",0,0
irc-otc,2015-04-23 10:19:00,1,0.819744,jet blue is great <3,1,1
irc-otc,2015-10-17 18:03:00,0,-0.775777,suddenly got a really bad feeling and asked for a refund/cancellation of my support,0,0
irc-otc,2015-04-18 13:46:00,0,-0.777968,"""we'll make you sorry anyhow""",0,0
irc-otc,2015-02-11 01:43:00,0,-0.68919,i know its not alot,0,0
irc-otc,2015-07-29 12:54:00,1,0.664163,traded worth of a few thousand bucks so far,1,0
irc-otc,2015-01-12 01:52:00,0,-0.646918,"The market also seems really thin - not a lot to buy there yet. I know you two run shops, so I figured I'd get your takes.",1,0
irc-otc,2015-08-04 03:21:00,0,-0.531621,Luke-Jr: is it seriously not considered ridiculous in Florida to have a 12 passenger van for your family,0,0
irc-otc,2015-08-15 19:01:00,1,0.929596,"sturles: thanks, i would like to sell some apple gift cards for BTC and i don't see any offers that would match up to that, so i will post an order to the book",1,0
irc-otc,2015-05-03 15:02:00,0,-0.649464,"since people are like ""wah bitcoin tanking on weekends""",0,0
irc-otc,2015-09-28 02:33:00,1,0.760707,BiPolarBobs are the best Bobs,1,0
irc-otc,2015-01-21 00:36:00,0,-0.930687,if you throw it in with your eggs it seems like a waste,0,0
irc-otc,2015-03-22 02:21:00,0,-0.897679,I asked a question and everyone wanted to be an elitist asshole who wanted to give me half assed answers.,0,0
irc-otc,2015-10-14 21:18:00,0,-0.715875,UK is being hammered basically,0,0
irc-otc,2015-09-29 19:26:00,0,-0.515003,how much was in that address?,1,0
irc-otc,2015-11-02 22:16:00,0,-0.705001,coin_trader: but i thought you cared about the ATMs because wah wah they dont comply?,0,0
irc-otc,2015-05-24 16:27:00,0,-0.649417,Nash and his wife weren't wearing seatbelts and they crashed and got thrown out,0,0
irc-otc,2015-07-22 15:24:00,1,0.465847,$5 to steal our ideas? sure! (jk),0,0
irc-otc,2015-05-29 16:39:00,0,-0.370624,i think thats around global avg,1,0
irc-otc,2015-03-31 08:49:00,0,-0.744284,"So the way I understand it, is that the attack is of Chinese origin, using a Chinese search engine with javascript to request a page from a given list. So pretty much all the users of that engine unknowingly has been apart of the attack",0,0
irc-otc,2015-07-27 14:04:00,0,-0.764117,more than 100% down :(,0,0
irc-otc,2015-04-26 02:33:00,1,0.681513,"""<RO87> I am willing to give the mods here""",1,0
irc-otc,2015-06-03 20:03:00,1,0.474756,my kids sing it constantly!,1,0
irc-otc,2015-01-05 05:44:00,0,-0.714608,print is dead,0,0
irc-otc,2015-07-07 02:38:00,0,-0.772895,mobile|'leave me alone fat beard man',0,0
irc-otc,2015-04-18 23:10:00,0,-0.829667,liberland will be destroyed by syrbia and shit,0,0
irc-otc,2015-05-24 16:28:00,0,-0.5204,state of Nevada is starting a driverless semi-truck program - they are on the roads now,1,0
irc-otc,2015-11-22 20:25:00,0,-0.356461,Well I have no way of knowing what the rules are at the moment,0,0
irc-otc,2015-07-03 06:11:00,1,0.658299,!echo [view 22252] - new item just added,1,0
irc-otc,2015-02-03 16:56:00,1,0.543949,1hr chart looks super middle of the road,0,0
irc-otc,2015-05-22 02:02:00,0,-0.832275,well sorry then,0,0
irc-otc,2015-09-21 20:52:00,1,0.649797,theyre doing it for the Greater Good of Bitcoin (tm),1,1
irc-otc,2015-04-30 02:18:00,0,-0.674873,ACTION squandered hundreds at ~$4,0,0
irc-otc,2015-03-18 02:47:00,1,0.581692,oh is that what youre already reading,1,0
irc-otc,2015-04-02 16:56:00,0,-0.510854,coin_trader: bitfinex is slow-motion comparitively,0,0
irc-otc,2015-01-05 04:20:00,0,-0.592081,you call that a willy?,0,0
irc-otc,2015-11-23 01:24:00,1,0.587219,Glooboy is the everything master,1,0
irc-otc,2015-05-22 17:57:00,0,-0.824688,the comments there are terrible as well,0,0
irc-otc,2015-02-13 04:08:00,0,-0.595217,volume is not huge yet,0,0
irc-otc,2015-04-18 16:18:00,0,-0.550443,"is this the same person as last time who came on as ""INeedBitcoins""",1,0
irc-otc,2015-04-26 02:41:00,0,-0.892399,will read whole ... sorry,0,0
irc-otc,2015-02-25 16:16:00,0,-0.826806,oh i cant anymore,0,0
irc-otc,2015-01-17 03:57:00,1,0.159418,Silly Canadians. With their free healthcare and silly accents.,0,0
irc-otc,2015-03-30 15:31:00,0,-0.689923,ACTION waits for GlooBoy to realize that rules are made when guidelines are ignored,0,0
irc-otc,2015-03-03 22:24:00,0,-0.705252,well i guess getting hacked as a bitcoin exchange isn't fashionable these days,0,0
irc-otc,2015-07-22 15:27:00,1,0.620425,"I'm keen, unicodesnowman",0,0
irc-otc,2015-12-15 21:52:00,1,0.660329,"n=0, solved",1,0
irc-otc,2015-11-10 16:32:00,0,-0.862798,taking my .26 advantage. not fair.,0,0
irc-otc,2015-08-05 20:04:00,0,-0.790668,"hm i never loaned rg or aethero BTC, so as my trust was not specific to them paying me back, it could not have been betrayed by them when they defaulted on loans only to others.",0,0
irc-otc,2015-10-01 03:20:00,0,-0.882182,cash in mail is pretty sketchy,0,0
irc-otc,2015-10-09 20:04:00,0,-0.755063,oh so it isn't just me,0,0
irc-otc,2015-04-13 12:55:00,0,-0.64413,sure but they turned out to be not that,0,0
irc-otc,2015-12-13 01:34:00,0,-0.579848,you're taking a class that requires C#?,1,0
irc-otc,2015-07-15 01:33:00,0,-0.657782,"yeah, what do you do after they expire?",0,0
irc-otc,2015-08-03 03:54:00,1,0.7017,so whos gonna help rg,0,0
irc-otc,2015-08-11 16:37:00,1,0.573679,what is a good bitcoin marketplace for selling and buying items?,1,0
irc-otc,2015-01-25 06:39:00,1,0.650821,sold out - someone knew something :),1,0
irc-otc,2015-09-14 17:37:00,0,-0.714507,i have no,0,0
irc-otc,2015-03-25 17:26:00,0,-0.79202,"Why kill is now, when you can kill it slowly for a couple of years.",0,0
irc-otc,2015-01-11 17:48:00,0,-0.868611,"Like, the core shit stuff.",0,0
irc-otc,2015-03-28 04:46:00,1,0.639426,any way to make it run smooth like a native os?,1,0
irc-otc,2015-03-27 04:01:00,1,0.483242,okay gotcha,1,0
irc-otc,2015-02-07 07:50:00,1,0.830828,cash money homey,1,0
irc-otc,2015-02-04 01:53:00,0,-0.513027,* Added BLazedout4l9!*@* to ignore list,0,0
irc-otc,2015-02-04 02:39:00,0,-0.501229,o no bitcoinity down,0,0
irc-otc,2015-03-02 18:12:00,1,0.476195,i was the bestest student,1,1
irc-otc,2015-06-12 15:12:00,1,0.675745,"I am looking to sell 1 bitcoin in exchange for $225 PPUSD. Trusted traders only, I will send first.",1,0
irc-otc,2015-05-17 19:44:00,1,0.784576,Thanks :),1,1
irc-otc,2015-12-15 20:31:00,0,-0.367582,"the bitcoin foundation is dead, long live the bitcoin foundation",0,0
irc-otc,2015-03-22 00:08:00,1,0.569073,Yo Yo Yo,1,0
irc-otc,2015-04-24 19:03:00,0,-0.737155,I made 9 BTC - 4 BTC of it left after all the shit I wanted/needed,1,0
irc-otc,2015-11-14 04:30:00,0,-0.835332,such terrorism in paris,0,0
irc-otc,2015-08-25 21:06:00,0,-0.802854,protn - nope. can't comment.,0,0
irc-otc,2015-11-22 08:03:00,0,-0.633624,"zekesonxx: not here in spain, i just woke up",1,0
irc-otc,2015-09-14 01:15:00,0,-0.661139,this channel isn't for trade no moar,0,0
irc-otc,2015-02-07 21:02:00,1,0.801917,first peson to find a HD copy of Disney's Feast,1,0
irc-otc,2015-04-15 12:03:00,0,-0.584331,HoMM f*ck paypal,0,0
irc-otc,2015-12-16 10:42:00,0,-0.799311,:(,0,0
irc-otc,2015-06-11 12:27:00,0,-0.710325,Sammey: earlier when you calc'd 2 * pi it caused me to remember tau day is this month,0,0
irc-otc,2015-11-11 02:49:00,1,0.703294,"#22082 Wed Jan 13 17:10:24 2016 TheButterZone BUY 1000.0 BTC @ 1 USD (per BTC via just about any payment method, will escrow with most chanops if you want.)",1,0
irc-otc,2015-02-06 04:29:00,0,-0.571981,aw. still not at $100?,0,0
irc-otc,2015-03-07 08:01:00,0,-0.812518,what is wrong in this whole story ?,0,0
irc-otc,2015-11-04 18:34:00,1,0.784576,good :),1,1
irc-otc,2015-02-23 22:00:00,1,0.771845,"Baked me some fresh graphics card this morning, https://owncloud.azelphur.com/owncloud/public.php?service=gallery&t=2eb5424114a539fc3e8e7f00f429eb72",1,0
irc-otc,2015-01-26 14:09:00,0,-0.555964,"""Space is not only high, it is also low.""",0,0
irc-otc,2015-07-28 03:26:00,0,-0.484873,how can you buy if no one is selling?,0,0
irc-otc,2015-08-08 13:33:00,0,-0.495817,"Cusipzzz, Michail1: tanking",0,0
irc-otc,2015-05-18 02:38:00,0,-0.913572,i'm being awfully incoherent i am quite tired,0,0
irc-otc,2015-01-09 04:31:00,0,-0.810235,shit broke down,0,0
irc-otc,2015-01-19 10:55:00,0,-0.614855,a monument to ten consecutive years of wasting time,0,0
irc-otc,2015-04-26 15:00:00,1,0.444007,think HFT gonan help!,1,0
irc-otc,2015-12-01 07:02:00,0,-0.792164,"(if they forbid Bitcoin, and many do, you may be in for worse)",0,0
irc-otc,2015-07-23 00:47:00,1,0.498692,LobsterMan: you should ask them to pay you in btc for indexing youtube O_o,1,0
irc-otc,2015-02-05 15:13:00,0,-0.391067,maybe Rippleflip_ needs to watch this video: https://www.youtube.com/watch?v=SYwBLoxygO4,1,0
irc-otc,2015-06-20 05:19:00,0,-0.381818,UroCEO: the hell you doing 'round here?,0,0
irc-otc,2015-08-12 05:11:00,0,-0.806245,shades: i await the first report of a QR code being scanned and causing BTC loss,0,0
irc-otc,2015-01-31 14:47:00,0,-0.850159,i shoulda said no,0,0
irc-otc,2015-03-09 13:06:00,0,-0.474918,i don't need it currently,1,0
irc-otc,2015-02-09 09:04:00,1,0.779318,:),1,1
irc-otc,2015-03-05 21:40:00,1,0.830498,Just checked by Debit card. I'm so rich:,1,1
irc-otc,2015-02-09 22:07:00,0,-0.337659,>I have 25 BTC to trade,1,0
irc-otc,2015-01-29 10:39:00,0,-0.530489,thankfully i didn't throw it on this hardware or i'd be dealing with irq storms and 100% cpu usage in linux,1,0
irc-otc,2015-07-25 15:22:00,1,0.943556,now flannel is cool,1,0
irc-otc,2015-09-06 04:24:00,0,-0.485892,Do people care about Cas coins anymore?,0,0
irc-otc,2015-07-15 13:56:00,1,0.559603,"basics are: make an otc account, find someone who will buy or sell coins on acceptable terms, and then just send the money to eachother",1,0
irc-otc,2015-03-25 16:52:00,0,-0.795074,when I get that error it wants reindex,0,0
irc-otc,2015-09-03 18:26:00,0,-0.337134,I dont have time to build it now.... so I can pay someone to :P,1,0
irc-otc,2015-07-28 19:33:00,1,0.596101,hm.. this time,1,0
irc-otc,2015-07-27 15:32:00,0,-0.804991,"Guest67898, is fISHY beware",0,0
irc-otc,2015-07-12 21:21:00,0,-0.803414,cause im broke,0,0
irc-otc,2015-04-22 22:53:00,0,-0.799311,:(,0,0
irc-otc,2015-02-02 08:22:00,1,0.68795,"man that was a blast drivin in this stuff, been awhile since we've had some good snow on roads",1,1
irc-otc,2015-03-31 05:33:00,1,0.46555,i have the weirdest bug on this app o.o,0,0
irc-otc,2015-05-29 19:19:00,0,-0.84255,"tastybuds: it's the parents, always prosecute the parents",0,0
irc-otc,2015-02-28 15:40:00,0,-0.753822,people just get banned (or topic deleted) when they ask for transparency,0,0
irc-otc,2015-04-26 14:37:00,0,-0.527947,Michail1: i think we won't stay too long below 180,1,0
irc-otc,2015-03-24 06:08:00,0,-0.792045,"<gribble> You rated user supadupajenkins on Wed Jul 30 19:47:28 2014, with a rating of -10, and supplied these additional notes: Has used my loan and rating as a means to secure 2 more loans from OTC members(and many others from freenode since). Defaulted my loan for 8.00 plus 2.00 interest. Payment was due Sept 30, 2012. ---NEW July 30, 2014 Posted Repayment Addy: 1SkBU3GPmverdDNNEuDEeQ",0,0
irc-otc,2015-07-21 19:38:00,0,-0.485662,GlooBoy: I never gave aethero any mahnies,0,0
irc-otc,2015-08-03 04:01:00,1,0.67389,rip coolio-,0,0
irc-otc,2015-05-10 20:25:00,1,0.784576,sounds good,1,1
irc-otc,2015-12-26 04:31:00,1,0.611407,who wants the holiday cheer,1,1
irc-otc,2015-07-25 04:10:00,0,-0.789634,"""I hate bots"" often means ""i dont have he brain needed to interact with a bot, just want to scam fast",0,0
irc-otc,2015-05-21 03:35:00,0,-0.351018,a brain can only handle so much,1,0
irc-otc,2015-12-11 18:50:00,1,0.748587,unless you can fit the entire dartboard in your head & thusly understand it as a whole,1,0
irc-otc,2015-09-16 16:31:00,0,-0.835799,[09:08] <thestringpuller> price is less volatile this year than it was in 2013,1,0
irc-otc,2015-02-22 02:20:00,0,-0.501642,he legally can't sign a contract,0,0
irc-otc,2015-04-14 09:10:00,0,-0.820116,Your laziness can be your own problem,0,0
irc-otc,2015-04-18 16:19:00,0,-0.354474,"WARNING: Currently not authenticated. User INeedBitcoins, rated since Sat Mar 7 18:23:17 2015. Cumulative rating 1, from 1 total ratings. Received ratings: 1 positive, 0 negative. Sent ratings: 1 positive, 0 negative. Details: http://b-otc.com/vrd?nick=INeedBitcoins",0,0
irc-otc,2015-10-09 07:35:00,1,0.832953,"GlooBoy: Hi are you free to PM, I've got a bussiness proposition for you?",1,0
irc-otc,2015-11-14 02:32:00,1,0.551733,how's the old web of trust doing these days?,0,0
irc-otc,2015-02-21 14:25:00,0,-0.836014,I'm sorry?,0,0
irc-otc,2015-02-10 21:06:00,1,0.842531,somebody's rich,1,1
irc-otc,2015-05-19 14:14:00,1,0.706073,"i, for one, welcome our new NYSE overlords",1,1
irc-otc,2015-03-12 18:54:00,0,-0.334548,"man, these ideas are just so good, but too late",1,0
irc-otc,2015-05-22 16:35:00,0,-0.602102,lol not particularly,0,0
irc-otc,2015-01-16 02:36:00,0,-0.405709,well you have a DHS investigator under oath telling it's highly likely and all these troubling coincidences,0,0
irc-otc,2015-03-28 05:20:00,0,-0.410184,bye bye coins,0,0
irc-otc,2015-03-18 16:06:00,0,-0.682104,"wait, what's that, you say? eating only sugar will kill you?",0,0
